position_key,unix_time,latitude,longitude,depth,conductivity,density,temperature,salinity
16404100,1439132922.04129,27.09180544175229,-88.98927348417746,-39.94105911254883,5.979790210723877,1023.0759887695312,29.504199981689453,36.342247009277344
16404200,1439137807.88858,27.126612205392153,-88.9839116668719,-63.504154205322266,5.887670040130615,1023.4007568359375,28.725099563598633,36.2904167175293
16404300,1439141159.27173,27.142909951022556,-88.98005954279125,-27.386783599853516,6.043799877166748,1022.8872680664062,30.01759910583496,36.39614486694336
16404400,1439142240.28946,27.150994368376523,-88.97817237909193,-201.39498901367188,5.353819847106934,1026.3447265625,22.905899047851562,36.98588562011719
16404500,1439144652.29132,27.164377840085592,-88.97311599773941,-192.1787567138672,5.479060173034668,1025.97998046875,24.042800903320312,37.00227355957031
16404600,1439147046.50894,27.177662632111296,-88.96809689835094,-176.2332305908203,5.55394983291626,1025.575439453125,24.870399475097656,36.89128875732422
16404700,1439149389.59018,27.190663683910117,-88.96318499826195,-155.48318481445312,5.611090183258057,1024.9439697265625,25.811599731445312,36.56055450439453
16404800,1439152512.53317,27.20483820191065,-88.95721656644835,-159.51007080078125,5.605380058288574,1025.014892578125,25.717599868774414,36.59255599975586
16404900,1439154953.60092,27.218621261634397,-88.95149753286994,-140.40646362304688,5.642889976501465,1024.6395263671875,26.268600463867188,36.434181213378906
16405000,1439157371.68741,27.230601703655413,-88.94549233683419,-134.66204833984375,5.6568098068237305,1024.5528564453125,26.42140007019043,36.41633605957031
16405100,1439159743.44647,27.242352615706825,-88.93960219268561,-118.12133026123047,5.679080009460449,1024.3221435546875,26.73349952697754,36.33697509765625
16405200,1439164439.14603,27.272443559965584,-88.93395093941308,-108.87353515625,5.702469825744629,1024.2109375,26.953500747680664,36.335899353027344
16405300,1439166925.13986,27.290962171035126,-88.9339443222918,-89.41068267822266,5.734720230102539,1023.997314453125,27.292200088500977,36.308677673339844
16405400,1439169400.34445,27.313023276003303,-88.9341224780138,-71.7424087524414,5.80443000793457,1023.6835327148438,27.96769905090332,36.28565216064453
16405500,1439173391.52029,27.343059686780784,-88.93421356441618,-10.033757209777832,6.073770046234131,1022.71533203125,30.297399520874023,36.394554138183594
16405600,1439174481.07193,27.35225902656402,-88.93418295070025,-196.0520782470703,5.418149948120117,1026.1785888671875,23.466400146484375,37.014976501464844
16405700,1439176959.30402,27.374236786619207,-88.93311449854589,-183.62940979003906,5.506710052490234,1025.829833984375,24.33799934387207,36.97067642211914
16405800,1439179387.9902,27.394377189968928,-88.93339285869229,-159.72381591796875,5.621890068054199,1025.142578125,25.67959976196289,36.744720458984375
16405900,1439181762.67899,27.414069808462628,-88.93366503001236,-136.44784545898438,5.645249843597412,1024.6322021484375,26.273099899291992,36.4490852355957
16406000,1439185599.28128,27.44162433457379,-88.93326976489459,-96.87612915039062,5.7257399559021,1024.0679931640625,27.194900512695312,36.317955017089844
16406100,1439187976.51184,27.46324103324516,-88.93076063306825,-63.544921875,5.853610038757324,1023.5772705078125,28.3341007232666,36.35199737548828
16406200,1439190285.51462,27.48264426339458,-88.93007760814298,-63.47356414794922,5.847509860992432,1023.5945434570312,28.279399871826172,36.351280212402344
16406300,1439192706.46909,27.502988256088816,-88.92936146686225,-41.45515441894531,5.903130054473877,1023.2628784179688,28.86709976196289,36.29624938964844
16406400,1439195933.33508,27.52445961344174,-88.92736909086865,-119.3445053100586,5.711880207061768,1024.3865966796875,26.86359977722168,36.47089385986328
16406500,1439198382.64957,27.548699817691276,-88.92283267990614,-102.07589721679688,5.747300148010254,1024.1190185546875,27.289499282836914,36.39672088623047
16406600,1439200780.59439,27.568695627175913,-88.92060217960943,-88.0832748413086,5.776790142059326,1023.8728637695312,27.670799255371094,36.31453323364258
16406700,1439203157.4718,27.588515761699153,-88.91839127557132,-54.84465789794922,5.8689799308776855,1023.4766845703125,28.494800567626953,36.338871002197266
16406800,1439206488.96851,27.61087597831274,-88.91412161844072,-103.92835235595703,5.722869873046875,1024.193115234375,27.072099685668945,36.39113998413086
16406900,1439208895.71103,27.634492539544564,-88.90596083094901,-86.78864288330078,5.776390075683594,1023.8953857421875,27.63789939880371,36.33759307861328
16407000,1439211279.13855,27.653837836944923,-88.90118490339883,-57.105125427246094,5.869110107421875,1023.4915771484375,28.489299774169922,36.34330749511719
16407100,1439213630.34824,27.67292163535967,-88.89647353418466,-51.722896575927734,5.873340129852295,1023.4537353515625,28.531299591064453,36.34231185913086
16407200,1439217652.95538,27.706707371345935,-88.87961841163084,-68.75320434570312,5.835239887237549,1023.6376342773438,28.18440055847168,36.33658981323242
16407300,1439219944.63699,27.724869528044806,-88.86716759981238,-52.46464920043945,5.870059967041016,1023.4674072265625,28.500600814819336,36.34269332885742
16407400,1439222386.19724,27.74790235018564,-88.85156485521034,-33.55952072143555,5.906290054321289,1023.2203369140625,28.896699905395508,36.29801559448242
16407500,1439223488.00977,27.758296462775057,-88.84452374304848,-198.10003662109375,5.201210021972656,1026.6751708984375,21.557199478149414,36.930320739746094
16407600,1439229110.50934,27.80678174904947,-88.80657651054439,-14.132484436035156,6.04863977432251,1022.7400512695312,30.147600173950195,36.335289001464844
16407700,1439230207.62311,27.815183182723562,-88.79911711721812,-188.91409301757812,5.253590106964111,1026.5177001953125,22.025100708007812,36.95011901855469
16407800,1439232670.31805,27.83221445298048,-88.78394093299895,-170.81886291503906,5.430059909820557,1025.9903564453125,23.63279914855957,36.97614288330078
16407900,1439235115.05515,27.852036922298236,-88.76637403396614,-155.96958923339844,5.522210121154785,1025.6312255859375,24.52630043029785,36.94185256958008
16408000,1439238820.77295,27.874382355521274,-88.74428862445112,-128.6527557373047,5.681779861450195,1024.6597900390625,26.427200317382812,36.59511947631836
16408100,1439241255.50604,27.893464196406246,-88.72224090059166,-113.34233856201172,5.74045991897583,1024.3658447265625,27.02910041809082,36.54825973510742
16408200,1439243716.46066,27.910038124051926,-88.70364263429812,-78.29389190673828,5.778960227966309,1023.8494262695312,27.66550064086914,36.33707809448242
16408300,1439246130.91867,27.92629890826597,-88.68539575875845,-63.70293426513672,5.826169967651367,1023.63037109375,28.117000579833984,36.32625198364258
16408400,1439250169.00934,27.942375910046337,-88.66209694664177,-79.30249786376953,5.761149883270264,1023.9122924804688,27.496299743652344,36.34152603149414
16408500,1439251255.14474,27.946933700197867,-88.65118451625827,-243.51016235351562,4.956540107727051,1027.31103515625,19.44860076904297,36.74870300292969
16408600,1439252337.52936,27.951475750836746,-88.64030977000026,-388.4248962402344,4.505849838256836,1028.4462890625,15.678899765014648,36.1707878112793
16408700,1439255631.8082,27.967059570694808,-88.60459210042974,-178.3020782470703,5.349730014801025,1026.2103271484375,22.923200607299805,36.947513580322266
16408800,1439259504.96585,27.978280900551976,-88.5743258156551,-31.981916427612305,5.920979976654053,1023.1788940429688,29.01959991455078,36.30677032470703
16408900,1439260593.39987,27.98123969703744,-88.56445939588237,-211.6644287109375,5.102930068969727,1026.9320068359375,20.696500778198242,36.87557601928711
16409000,1439261677.74835,27.984187387471255,-88.55463001041335,-355.9541931152344,4.560959815979004,1028.2578125,16.14259910583496,36.2545051574707
16409100,1439265183.58762,27.99434852931679,-88.52137084548045,-146.93760681152344,5.595900058746338,1025.34033203125,25.251399993896484,36.90327072143555
16409200,1439266273.07648,27.997135637869427,-88.5119042188396,-298.1382141113281,4.732810020446777,1027.829833984375,17.58209991455078,36.4859504699707
16409300,1439270963.42621,28.004871399045577,-88.47684318612095,-81.463623046875,5.751880168914795,1023.9683227539062,27.389799118041992,36.35765838623047
16409400,1439272048.63907,28.005221322865566,-88.46584124482553,-247.3823699951172,4.8943400382995605,1027.422607421875,18.92140007019043,36.691261291503906
16409500,1439273140.29907,28.0055733255407,-88.45477394232591,-393.253662109375,4.448400020599365,1028.5289306640625,15.185199737548828,36.10161590576172
16409600,1439276669.38257,28.007633538570467,-88.41689163924634,-184.84226989746094,5.278069972991943,1026.452392578125,22.234899520874023,36.96636962890625
16409700,1439277758.7178,28.007674414697163,-88.40655607130746,-328.38446044921875,4.635519981384277,1028.0716552734375,16.761600494384766,36.364192962646484
16409800,1439281599.79175,28.008039796145635,-88.37001396524852,-164.4110565185547,5.458390235900879,1025.9139404296875,23.863800048828125,37.002838134765625
16409900,1439282683.53021,28.007435689941296,-88.3601364620863,-319.6551208496094,4.658840179443359,1028.01123046875,16.95549964904785,36.397220611572266
16410000,1439286195.00021,28.005695599813702,-88.33031787006219,-92.40982055664062,5.724480152130127,1024.138427734375,27.090099334716797,36.39222717285156
16410100,1439287286.85413,28.005033206347893,-88.31982556523037,-259.764892578125,4.856550216674805,1027.530029296875,18.600200653076172,36.651947021484375
16410200,1439288371.55368,28.004375153193344,-88.30940201087869,-398.1586608886719,4.475679874420166,1028.5079345703125,15.43239974975586,36.120208740234375
16410300,1439293295.59393,28.00131873893733,-88.27136421338588,-197.56475830078125,5.222219944000244,1026.666748046875,21.70039939880371,36.97543716430664
16410400,1439294369.24377,28.000065501633053,-88.25992350598555,-347.2257080078125,4.6319899559021,1028.1571044921875,16.727500915527344,36.35651779174805
16410500,1439297893.42398,27.996500538589117,-88.21897747098946,-135.22509765625,5.664490222930908,1024.926025390625,26.062999725341797,36.75754928588867
16410600,1439298997.8576,27.995045650353777,-88.20823340018282,-293.55718994140625,4.7403998374938965,1027.8192138671875,17.627099990844727,36.51304244995117
16410700,1439303461.17117,27.989116397729237,-88.17109437998799,-102.39198303222656,5.698209762573242,1024.3101806640625,26.7903995513916,36.4352912902832
16410800,1439304546.59219,27.986622614929672,-88.1596412642005,-272.42205810546875,4.795929908752441,1027.666748046875,18.087900161743164,36.58670425415039
16410900,1439308048.77649,27.978676863103345,-88.11955942626795,-22.380725860595703,6.024419784545898,1022.8699340820312,29.905099868774414,36.350276947021484
16411000,1439309121.38672,27.976187644745046,-88.10901458459695,-210.34815979003906,5.132259845733643,1026.8905029296875,20.92889976501465,36.912681579589844
16411100,1439310202.10562,27.973679608515216,-88.09839002654621,-349.7553405761719,4.625400066375732,1028.1802978515625,16.66629981994629,36.35284423828125
16411200,1439314366.89731,27.964034212099644,-88.06231323483034,-176.17236328125,5.3579301834106445,1026.1993408203125,22.977699279785156,36.96615982055664
16411300,1439315449.85672,27.960454283829506,-88.05112584792967,-323.25360107421875,4.681940078735352,1027.9964599609375,17.15250015258789,36.42017364501953
16411400,1439318999.66318,27.94852901697964,-88.01249245958417,-100.56771087646484,5.711929798126221,1024.198486328125,26.986299514770508,36.38082504272461
16411500,1439320082.50934,27.94499868164243,-88.00181273926977,-265.65362548828125,4.857920169830322,1027.5562744140625,18.60740089416504,36.654911041259766
16411600,1439324938.7131,27.931385322579235,-87.96276526921015,-34.01835632324219,5.90831995010376,1023.232177734375,28.89739990234375,36.311439514160156
16411700,1439326020.03165,27.926310820401635,-87.95083872632671,-209.75221252441406,5.153029918670654,1026.88134765625,21.07270050048828,36.9564323425293
16411800,1439327096.26941,27.92126016202152,-87.93896822324054,-359.89849853515625,4.596469879150391,1028.240966796875,16.436599731445312,36.30132293701172
16411900,1439330646.2294,27.903323763178772,-87.8957372011819,-152.29635620117188,5.615930080413818,1025.2828369140625,25.458799362182617,36.881649017333984
16412000,1439331761.39774,27.898514658652605,-87.88479170712834,-305.8001403808594,4.736330032348633,1027.875,17.59239959716797,36.50419616699219
16412100,1439336255.17902,27.880443653890254,-87.84714673266257,-149.48440551757812,5.606810092926025,1025.259765625,25.416099548339844,36.84960174560547
16412200,1439337340.55814,27.874395804356652,-87.83591208028122,-306.8663330078125,4.713759899139404,1027.9014892578125,17.40880012512207,36.4730224609375
16412300,1439340901.96738,27.852529292375415,-87.79561001670109,-76.34173583984375,5.798160076141357,1023.8040771484375,27.81909942626953,36.354740142822266
16412400,1439341989.05402,27.847037915608027,-87.7853201322534,-247.84756469726562,4.957809925079346,1027.3367919921875,19.448699951171875,36.75757598876953
16412500,1439346184.99338,27.827580243587132,-87.75057794286764,-55.950801849365234,5.870619773864746,1023.5016479492188,28.481800079345703,36.359981536865234
16412600,1439347267.90704,27.82111513246896,-87.74048387262168,-230.1709747314453,5.079830169677734,1027.0792236328125,20.466800689697266,36.880088806152344
16412700,1439348354.3598,27.814628892496614,-87.73035681359418,-378.4742736816406,4.5045599937438965,1028.411376953125,15.663000106811523,36.1777458190918
16412800,1439351848.18826,27.792446109499743,-87.69619169912097,-166.7437286376953,5.537970066070557,1025.675048828125,24.623199462890625,36.97728729248047
16412900,1439352938.8389,27.786326559507085,-87.68649836102047,-311.28216552734375,4.712299823760986,1027.919677734375,17.398300170898438,36.46804428100586
16413000,1439357458.48285,27.763579847623006,-87.65258546408934,-108.72063446044922,5.701479911804199,1024.3311767578125,26.815099716186523,36.43743133544922
16413100,1439358541.13339,27.756396272642824,-87.64289264146862,-276.293701171875,4.848130226135254,1027.5684814453125,18.57309913635254,36.59824752807617
16413200,1439362041.51996,27.73047496816395,-87.60925581789077,-23.7420597076416,6.005519866943359,1022.9271850585938,29.74139976501465,36.34416961669922
16413300,1439363124.79462,27.723979959311652,-87.6001480220093,-211.13230895996094,5.139699935913086,1026.886962890625,20.98509979248047,36.92396926879883
16413400,1439364213.966,27.717449595094457,-87.59099064814355,-350.1933288574219,4.571469783782959,1028.2261962890625,16.227800369262695,36.27290725708008
16413500,1439368458.08777,27.694370686155832,-87.56027163025624,-191.66232299804688,5.246180057525635,1026.6103515625,21.890100479125977,37.005733489990234
16413600,1439369550.89941,27.687389173113854,-87.55139695768786,-342.1370849609375,4.589230060577393,1028.1734619140625,16.37809944152832,36.29731750488281
16413700,1439373103.38751,27.662522921393972,-87.52132066899914,-125.75389099121094,5.656650066375732,1024.734375,26.182600021362305,36.60762023925781
16413800,1439374196.19904,27.656129074223102,-87.51277806525647,-288.3873596191406,4.759399890899658,1027.7742919921875,17.786500930786133,36.53618621826172
16413900,1439378745.0235,27.63250401804131,-87.48232365706117,-58.57035446166992,5.832230091094971,1023.5958251953125,28.167299270629883,36.33172607421875
16414000,1439379835.77072,27.62525335727344,-87.47353549624604,-227.87393188476562,5.040070056915283,1027.1016845703125,20.167499542236328,36.81597137451172
16414100,1439380914.414,27.618083156528108,-87.46484485697273,-369.5011901855469,4.479499816894531,1028.3995361328125,15.450599670410156,36.14972686767578
16414200,1439384399.82526,27.59199382485791,-87.43523753416646,-153.98822021484375,5.5383501052856445,1025.5631103515625,24.69029998779297,36.92924499511719
16414300,1439385494.9823,27.58563349433977,-87.42689418840877,-303.5323791503906,4.684589862823486,1027.9151611328125,17.17180061340332,36.433677673339844
16414400,1439389417.20901,27.55986152695781,-87.39682548745274,-126.50775909423828,5.649569988250732,1024.7154541015625,26.163999557495117,36.57048416137695
16414500,1439390492.19351,27.553732544275828,-87.38899786177856,-287.74847412109375,4.721189975738525,1027.8065185546875,17.47920036315918,36.481719970703125
16414600,1439394006.96024,27.53418688822745,-87.36465368373662,-47.77534866333008,5.867219924926758,1023.4732055664062,28.45680046081543,36.357872009277344
16414700,1439395109.58286,27.527783410143645,-87.35632898955996,-228.9410400390625,5.032529830932617,1027.1295166015625,20.091899871826172,36.819576263427734
16414800,1439396203.68826,27.521429395874733,-87.34806859967644,-366.26995849609375,4.37470006942749,1028.443359375,14.603099822998047,35.9746208190918
16414900,1439401024.87234,27.496755875485952,-87.31843455431252,-141.0380096435547,5.602499961853027,1025.2474365234375,25.365999221801758,36.8610725402832
16415000,1439402113.50912,27.488742813898067,-87.30969223912427,-298.3521728515625,4.625360012054443,1027.95556640625,16.680500030517578,36.36003875732422
16415100,1439405595.276,27.457904592099524,-87.27842419862608,-63.15238952636719,5.785719871520996,1023.7587280273438,27.73710060119629,36.3342170715332
16415200,1439406699.48099,27.451251415398485,-87.27049292388499,-238.19859313964844,4.872700214385986,1027.3837890625,18.773700714111328,36.642948150634766
16415300,1439411269.44522,27.413875224652497,-87.23451748263655,-43.85572052001953,5.8584699630737305,1023.49462890625,28.364999771118164,36.36833572387695
16415400,1439412344.24365,27.405713003015606,-87.22606461753159,-217.16207885742188,5.050580024719238,1027.0206298828125,20.277599334716797,36.81019973754883
16415500,1439413428.66547,27.39747769974391,-87.2175360684734,-355.6481018066406,4.390639781951904,1028.4002685546875,14.722999572753906,36.01487731933594
16415600,1439416934.81808,27.371366389335623,-87.19092714583232,-136.74337768554688,5.603809833526611,1025.3026123046875,25.295499801635742,36.929569244384766
16415700,1439418013.39468,27.3630073554422,-87.18212939994697,-283.0542907714844,4.629240036010742,1027.8763427734375,16.72610092163086,36.359012603759766
16415800,1439421967.09103,27.33577372229105,-87.15474199305878,-123.9049301147461,5.670589923858643,1024.9241943359375,26.051700592041016,36.814979553222656
16415900,1439423040.57806,27.326732491356953,-87.14609140726047,-269.2350769042969,4.651340007781982,1027.79150390625,16.915199279785156,36.38777542114258
16416000,1439424128.12396,27.31757285242502,-87.13732752952748,-404.0761413574219,4.1787800788879395,1028.77783203125,12.896599769592285,35.71214294433594
16416100,1439427588.63318,27.286041554189463,-87.10854647098118,-191.88861083984375,5.14231014251709,1026.7396240234375,21.0757999420166,36.87367248535156
16416200,1439428690.76599,27.277547034927487,-87.09996060437126,-329.1071472167969,4.387579917907715,1028.289794921875,14.701000213623047,36.018062591552734
16416300,1439433466.90961,27.229051957332963,-87.06365697839212,-144.18199157714844,5.519599914550781,1025.65966796875,24.427900314331055,37.00728988647461
16416400,1439434551.04218,27.220730880665997,-87.05612673974163,-282.3006896972656,4.540299892425537,1027.95166015625,15.99470043182373,36.23438262939453
16416500,1439437857.32196,27.19535408795813,-87.03316176622653,-34.538326263427734,5.936999797821045,1023.3900146484375,28.89069938659668,36.51555633544922
16416600,1439438945.72205,27.18700025659462,-87.02560188589723,-205.9066162109375,4.894579887390137,1027.23876953125,18.937999725341797,36.69438171386719
16416700,1439442770.9375,27.16104875315335,-87.00291324888944,-15.830367088317871,6.02161979675293,1023.0015258789062,29.715099334716797,36.47655487060547
16416800,1439443851.61197,27.152305226781355,-86.99595470538395,-186.62435913085938,4.973430156707764,1027.041015625,19.603099822998047,36.774845123291016
16416900,1439444942.27719,27.143480867343317,-86.98893183080848,-321.4371643066406,4.3229498863220215,1028.318359375,14.14430046081543,35.93955612182617
16417000,1439448345.70572,27.11281312695505,-86.9663069210033,-80.05178833007812,5.790830135345459,1024.1610107421875,27.40169906616211,36.6268310546875
16417100,1439449439.76257,27.104736902767044,-86.95943806099194,-238.2287139892578,4.63739013671875,1027.6640625,16.814899444580078,36.36820602416992
16417200,1439450528.11664,27.096702775853775,-86.9526050048761,-368.248779296875,4.145830154418945,1028.6431884765625,12.620800018310547,35.671627044677734
16417300,1439454546.80463,27.061750243871057,-86.92782564767025,-150.66139221191406,5.233870029449463,1026.388671875,21.868799209594727,36.940792083740234
16417400,1439455635.26715,27.053804208110147,-86.92192497800977,-287.5198059082031,4.421669960021973,1028.084716796875,14.994000434875488,36.07728576660156
16417500,1439459055.30142,27.029773520146634,-86.90441293615291,-34.28853225708008,5.928619861602783,1023.4635620117188,28.760900497436523,36.55699920654297
16417600,1439460148.31024,27.021554017492896,-86.89822374889572,-196.0520782470703,4.710179805755615,1027.41552734375,17.41659927368164,36.47842025756836
16417700,1439461236.59766,27.013370019784915,-86.89206129643831,-330.3294372558594,4.231359958648682,1028.4111328125,13.375499725341797,35.79397201538086
16417800,1439466063.11798,26.98348986177909,-86.87232076471703,-146.50978088378906,5.263420104980469,1026.2652587890625,22.1737003326416,36.9163818359375
16417900,1439467142.01566,26.972810619275737,-86.86622079317227,-275.51708984375,4.399710178375244,1028.0478515625,14.815099716186523,36.04625701904297
16418000,1439470370.77341,26.931373538498082,-86.84428494804571,-12.149740219116211,5.980899810791016,1023.1713256835938,29.281299591064453,36.52756881713867
16418100,1439471454.53021,26.92327375395313,-86.83917792936823,-180.4919891357422,4.859109878540039,1027.153076171875,18.6737003326416,36.63874435424805
16418200,1439472532.11121,26.91522012601708,-86.83410001302829,-303.2954406738281,4.3095197677612305,1028.2369384765625,14.048199653625488,35.91145324707031
16418300,1439477063.03381,26.884640101144633,-86.81670060871198,-157.2685089111328,4.979010105133057,1026.865966796875,19.699600219726562,36.74746322631836
16418400,1439478141.50275,26.87233271118986,-86.81014726798773,-288.35711669921875,4.321149826049805,1028.1546630859375,14.159500122070312,35.92253494262695
16418500,1439481527.87018,26.825421757084484,-86.78700090409433,-29.955644607543945,5.907740116119385,1023.5108032226562,28.569799423217773,36.55977249145508
16418600,1439482620.04398,26.8153067064988,-86.7810942568992,-197.36610412597656,4.667660236358643,1027.4537353515625,17.077800750732422,36.41242980957031
16418700,1439486714.35339,26.782896850590667,-86.7633854087483,-25.434101104736328,5.897940158843994,1023.4674072265625,28.540700912475586,36.51506805419922
16418800,1439487808.15421,26.77236358437121,-86.75842082544715,-182.13943481445312,4.768710136413574,1027.271728515625,17.92329978942871,36.535221099853516
16418900,1439488887.12827,26.761973099320127,-86.75352353836631,-323.43707275390625,4.20697021484375,1028.397216796875,13.168700218200684,35.75959396362305
16419000,1439492280.8027,26.72560368995754,-86.73886130570249,-85.89958190917969,5.677969932556152,1024.6956787109375,26.176000595092773,36.78157043457031
16419100,1439493365.54816,26.71631050212729,-86.73370618091982,-235.01092529296875,4.490580081939697,1027.7808837890625,15.602100372314453,36.16575241088867
16419200,1439497258.72937,26.688354626164212,-86.71835929654962,-78.96894073486328,5.684619903564453,1024.642333984375,26.243099212646484,36.77864456176758
16419300,1439498345.44189,26.679545667543614,-86.71350066816747,-223.9861602783203,4.483739852905273,1027.731689453125,15.555399894714355,36.15129470825195
16419400,1439499425.4213,26.670791287811415,-86.708672143064,-364.60498046875,4.06620979309082,1028.6905517578125,11.915200233459473,35.57024383544922
16419500,1439502797.80212,26.641495371760744,-86.69325228193713,-131.14198303222656,5.072750091552734,1026.5360107421875,20.567699432373047,36.77107620239258
16419600,1439503873.22189,26.63334923144929,-86.68854390797509,-266.6966857910156,4.381579875946045,1028.0086669921875,14.680800437927246,36.0074348449707
16419700,1439508194.048,26.611262243787294,-86.67645009368216,-69.181396484375,5.750080108642578,1024.2840576171875,26.97909927368164,36.670867919921875
16419800,1439509275.71313,26.609665692675513,-86.67597059804665,-189.4078369140625,4.6356000900268555,1027.4583740234375,16.807300567626953,36.378814697265625
16419900,1439510350.42886,26.608079398888684,-86.67549418301563,-320.4998474121094,4.183800220489502,1028.409912109375,12.959799766540527,35.73653030395508
16420000,1439513728.59534,26.596963332348295,-86.67215657858446,-76.82591247558594,5.637209892272949,1024.685791015625,25.901599884033203,36.70592498779297
16420100,1439514815.47354,26.596959850706714,-86.6721552958744,-211.20411682128906,4.522039890289307,1027.6585693359375,15.860699653625488,36.221954345703125
16420200,1439520344.48239,26.578300937097303,-86.66344044674447,-40.07082748413086,5.8626298904418945,1023.5772094726562,28.2814998626709,36.463016510009766
16420300,1439521418.97092,26.560143590379482,-86.65495891384987,-166.5630645751953,4.702770233154297,1027.2852783203125,17.37350082397461,36.46440505981445
16420400,1439522501.85858,26.541844310513323,-86.646411082135,-294.2015075683594,4.220670223236084,1028.2579345703125,13.29580020904541,35.78288650512695
16420500,1439525892.86496,26.48454106843408,-86.6196439921953,-36.495906829833984,5.861179828643799,1023.5208129882812,28.319000244140625,36.42499923706055
16420600,1439526974.9144,26.46625595325966,-86.61110277699223,-176.47259521484375,4.651450157165527,1027.3800048828125,16.948400497436523,36.395591735839844
16420700,1439529889.50531,26.43654367767147,-86.5996265013756,-127.61955261230469,4.907680034637451,1026.7962646484375,19.158100128173828,36.63978576660156
16420800,1439530995.97125,26.436542214456395,-86.59962631847372,-261.5937805175781,4.306049823760986,1028.0579833984375,14.028499603271484,35.91499710083008
16420900,1439532099.50046,26.436540755124923,-86.59962613605728,-404.1748046875,3.931570053100586,1028.96337890625,10.693499565124512,35.389442443847656
16421000,1439535467.80411,26.43653630080549,-86.59962557926737,-157.1190948486328,4.71274995803833,1027.227294921875,17.465099334716797,36.47245407104492
16421100,1439536544.60294,26.436534876822854,-86.59962540126953,-282.0224304199219,4.2677202224731445,1028.160888671875,13.712499618530273,35.84211730957031
16421200,1439541007.3317,26.413867327397657,-86.59288627283789,-114.25694274902344,4.980040073394775,1026.5902099609375,19.813199996948242,36.672603607177734
16421300,1439542090.70804,26.40180293738402,-86.58929920013682,-243.32113647460938,4.390779972076416,1027.8966064453125,14.767200469970703,36.021873474121094
16421400,1439543177.24008,26.38970340591051,-86.5857016789198,-378.1572265625,4.007110118865967,1028.78369140625,11.394499778747559,35.48030471801758
16421500,1439546516.25775,26.352520379328386,-86.57464614942806,-131.41697692871094,4.863399982452393,1026.8961181640625,18.76289939880371,36.61474609375
16421600,1439547604.68579,26.340399733856817,-86.57104235044268,-259.3263244628906,4.336550235748291,1028.0184326171875,14.294899940490723,35.952022552490234
16421700,1439550981.03976,26.310795,-86.56319333333334,-99.80042266845703,5.204599857330322,1026.0299072265625,21.840900421142578,36.75006866455078
16421800,1439552065.85129,26.310795,-86.56319333333334,-222.4238739013672,4.4529500007629395,1027.7734375,15.274399757385254,36.13098907470703
16421900,1439553145.89899,26.310795,-86.56319333333334,-359.0198669433594,4.034329891204834,1028.6907958984375,11.63129997253418,35.53084182739258
16422000,1439556439.5408,26.310795,-86.56319333333334,-120.03138732910156,4.977560043334961,1026.6337890625,19.774999618530273,36.68333053588867
16422100,1439557516.2709,26.310795,-86.56319333333334,-250.0692596435547,4.352940082550049,1027.9664306640625,14.434800148010254,35.977943420410156
16422200,1439564518.75305,26.23461110338034,-86.56568777941237,-46.49502182006836,5.835549831390381,1023.8389282226562,27.866100311279297,36.59220504760742
16422300,1439565599.18079,26.234479806069672,-86.5657325721772,-182.58824157714844,4.621520042419434,1027.4119873046875,16.725099563598633,36.33191680908203
16422400,1439566677.22958,26.234348797856622,-86.56577726631487,-322.1041564941406,4.157700061798096,1028.4320068359375,12.736599922180176,35.69633102416992
16422500,1439569736.57867,26.233739746172926,-86.5659847681975,-96.42121124267578,5.261459827423096,1025.8165283203125,22.4237003326416,36.70686340332031
16422600,1439573439.72833,26.233735000000003,-86.56598666666666,-97.88134765625,5.213930130004883,1026.0478515625,21.873899459838867,36.79682540893555
16422700,1439574521.87653,26.233735000000003,-86.56598666666666,-233.5259552001953,4.4345197677612305,1027.8271484375,15.127799987792969,36.09356689453125
16422800,1439577970.25693,26.233735000000003,-86.56598666666666,-146.7180633544922,4.727709770202637,1027.1396484375,17.619300842285156,36.46770095825195
16422900,1439579054.19611,26.233735000000003,-86.56598666666666,-277.7371826171875,4.247910022735596,1028.160888671875,13.539600372314453,35.8190803527832
16423000,1439584678.08258,26.233735000000003,-86.56598666666666,-73.36954498291016,5.295569896697998,1025.5457763671875,22.833099365234375,36.63791275024414
16423100,1439587569.26379,26.233735000000003,-86.56598666666666,-102.65321350097656,5.091169834136963,1026.3087158203125,20.808900833129883,36.72266387939453
16423200,1439588658.47296,26.233735000000003,-86.56598666666666,-234.35104370117188,4.383739948272705,1027.8828125,14.68910026550293,36.03312683105469
16423300,1439589730.34616,26.233735000000003,-86.56598666666666,-360.719970703125,3.9644100666046143,1028.7403564453125,11.011500358581543,35.43144607543945
16423400,1439594510.92392,26.233735000000003,-86.56598666666666,-111.88282012939453,5.006309986114502,1026.5484619140625,20.024900436401367,36.70561981201172
16423500,1439595593.00885,26.233735000000003,-86.56598666666666,-241.27610778808594,4.410210132598877,1027.876708984375,14.926199913024902,36.05410385131836
16423600,1439599099.85123,26.233735000000003,-86.56598666666666,-151.0037078857422,4.754149913787842,1027.1243896484375,17.84149932861328,36.49522018432617
16423700,1439600185.87637,26.233735000000003,-86.56598666666666,-287.90869140625,4.170559883117676,1028.2760009765625,12.853899955749512,35.72377014160156
16423800,1439676829.58044,25.598222083730388,-86.41870933955266,-55.84591293334961,5.65349006652832,1024.406494140625,26.2106990814209,36.584686279296875
16423900,1439682027.71231,25.524387126079063,-86.39366106303953,-12.9960355758667,5.6577301025390625,1020.978759765625,29.8927001953125,33.876155853271484
16424000,1439686213.00394,25.51227666666667,-86.37954666666668,-48.47455596923828,5.736310005187988,1024.1011962890625,27.00510025024414,36.557838439941406
16424100,1439697601.28833,25.51227666666667,-86.37954666666668,-18.599891662597656,5.692049980163574,1021.012451171875,30.080400466918945,33.97418212890625
16424200,1439732053.31415,25.351805357698964,-86.1660232017066,-126.41509246826172,4.879859924316406,1026.818603515625,18.9375,36.601078033447266
16424300,1439736235.31445,25.341681128607956,-86.13132385757795,-100.85624694824219,5.052680015563965,1026.2789306640625,20.576799392700195,36.610660552978516
16424400,1439737319.52863,25.341234563808438,-86.12830290967389,-224.10488891601562,4.263000011444092,1027.906982421875,13.691200256347656,35.84228515625
16424500,1439738392.28333,25.340792718910272,-86.12531389123697,-349.13800048828125,3.8264100551605225,1028.774169921875,9.763199806213379,35.249061584472656
16424600,1439740898.47208,25.33981280768843,-86.11863619032427,-120.93138885498047,5.009570121765137,1026.4759521484375,20.1643009185791,36.60767364501953
16424700,1439741985.84784,25.339350141535856,-86.11552010158495,-252.6981658935547,4.127260208129883,1028.15185546875,12.486000061035156,35.6703987121582
16424800,1439746192.74567,25.33805028470763,-86.1048375938252,-42.2264518737793,5.73721981048584,1023.9672241210938,27.129199981689453,36.46879959106445
16424900,1439747281.19208,25.337913806863874,-86.10104721569458,-181.29429626464844,4.424200057983398,1027.6158447265625,15.045900344848633,36.096519470214844
16425000,1439748357.69736,25.33777882628953,-86.09729842099668,-310.4228515625,3.930999994277954,1028.5380859375,10.726400375366211,35.39435958862305
16425100,1439750893.98785,25.337049430699444,-86.0861373382777,-66.53952026367188,5.42903995513916,1025.1177978515625,24.109699249267578,36.60903549194336
16425200,1439751994.5054,25.33700592283249,-86.08283978848549,-206.18350219726562,4.311880111694336,1027.8089599609375,14.094799995422363,35.93106460571289
16425300,1439753115.16647,25.336961618611355,-86.07948188138873,-351.5409240722656,3.8165600299835205,1028.8040771484375,9.65779972076416,35.249595642089844
16425400,1439757660.45923,25.336543587099307,-86.07039853157333,-116.18509674072266,4.945219993591309,1026.6331787109375,19.539100646972656,36.622798919677734
16425500,1439758739.09311,25.33638838482831,-86.06957997929389,-240.7088623046875,4.160220146179199,1028.0887451171875,12.762999534606934,35.73094177246094
16425600,1439759816.0416,25.336233425060954,-86.06876270600287,-386.3290710449219,3.751389980316162,1029.003173828125,9.0378999710083,35.16550827026367
16425700,1439762306.77133,25.335279641846917,-86.06372410461731,-151.6764373779297,4.5704498291015625,1027.3377685546875,16.297000885009766,36.280723571777344
16425800,1439763387.771,25.335278868470226,-86.06372217117557,-275.02349853515625,3.9596199989318848,1028.361572265625,10.995699882507324,35.437442779541016
16425900,1439768671.12787,25.333361666666665,-86.03039500000001,-55.72315216064453,5.489799976348877,1024.8216552734375,24.760900497436523,36.53962707519531
16426000,1439769747.77612,25.333361666666665,-86.03039500000001,-192.51768493652344,4.368840217590332,1027.695068359375,14.591899871826172,36.0033073425293
16426100,1439770826.53406,25.333361666666665,-86.03039500000001,-323.08123779296875,3.8570899963378906,1028.648193359375,10.043000221252441,35.30257034301758
16426200,1439773353.15158,25.333361666666665,-86.03039500000001,-85.0615463256836,5.201980113983154,1025.789794921875,22.017799377441406,36.584434509277344
16426300,1439774436.21085,25.333361666666665,-86.03039500000001,-214.1301727294922,4.2728800773620605,1027.8734130859375,13.759699821472168,35.875389099121094
16426400,1439779906.86145,25.333361666666665,-86.03039500000001,-27.682273864746094,5.899159908294678,1023.4170532226562,28.613000869750977,36.46726989746094
16426500,1439780981.65155,25.333361666666665,-86.03039500000001,-171.15882873535156,4.543409824371338,1027.440185546875,16.07509994506836,36.233856201171875
16426600,1439782057.18173,25.333361666666665,-86.03039500000001,-291.7428283691406,3.9071900844573975,1028.4755859375,10.510700225830078,35.371585845947266
16426700,1439784559.53616,25.333361666666665,-86.03039500000001,-53.88461685180664,5.575900077819824,1024.5595703125,25.56599998474121,36.53116226196289
16426800,1439785646.01846,25.333361666666665,-86.03039500000001,-201.0272979736328,4.3265299797058105,1027.7760009765625,14.219799995422363,35.953304290771484
16426900,1439790835.39758,25.333361666666665,-86.03039500000001,-76.9384536743164,5.2412800788879395,1025.7733154296875,22.25429916381836,36.69793701171875
16427000,1439791910.20319,25.333361666666665,-86.03039500000001,-198.2905731201172,4.289269924163818,1027.7855224609375,13.910499572753906,35.89497756958008
16427100,1439792995.64136,25.333361666666665,-86.03039500000001,-333.58154296875,3.8153300285339355,1028.711669921875,9.665800094604492,35.2374382019043
16427200,1439795478.48755,25.333361666666665,-86.03039500000001,-104.68744659423828,5.029850006103516,1026.3587646484375,20.355100631713867,36.61452865600586
16427300,1439796567.96045,25.333361666666665,-86.03039500000001,-242.59927368164062,4.0573201179504395,1028.14697265625,11.882800102233887,35.56803894042969
16427400,1439801737.65201,25.33541312588511,-85.93451500856509,-111.96720886230469,4.998119831085205,1026.4962158203125,20.026100158691406,36.63698959350586
16427500,1439802819.16278,25.33542140483966,-85.93450006606174,-232.6671142578125,4.078750133514404,1028.08935546875,12.07390022277832,35.59976577758789
16427600,1439803904.0892,25.3354761845042,-85.93440096432495,-364.5593566894531,3.7437400817871094,1028.8948974609375,8.989800453186035,35.143131256103516
16427700,1439806383.2587,25.335475688158127,-85.93440195701709,-120.16824340820312,4.940639972686768,1026.6383056640625,19.519899368286133,36.599979400634766
16427800,1439807459.26471,25.335475472734633,-85.93440238786407,-244.9712371826172,4.019390106201172,1028.1973876953125,11.530200004577637,35.531105041503906
16427900,1439813323.28528,25.335474999999995,-85.93440333333335,-64.20761108398438,5.454750061035156,1024.973388671875,24.41629981994629,36.55354690551758
16428000,1439814407.12598,25.335474999999995,-85.93440333333335,-195.46286010742188,4.231460094451904,1027.8427734375,13.387100219726562,35.841854095458984
16428100,1439815475.75717,25.335474999999995,-85.93440333333335,-312.3336181640625,3.8012900352478027,1028.6239013671875,9.544300079345703,35.22136306762695
16428200,1439817926.41965,25.335474999999995,-85.93440333333335,-81.77749633789062,5.255949974060059,1025.6607666015625,22.49169921875,36.61149597167969
16428300,1439821885.06906,25.335474999999995,-85.93440333333335,-35.66695785522461,5.923079967498779,1023.4281005859375,28.774099349975586,36.50786209106445
16428400,1439824414.49487,25.335474999999995,-85.93440333333335,-158.86570739746094,4.4279398918151855,1027.566162109375,15.028200149536133,36.15644836425781
16428500,1439825489.50778,25.335474999999995,-85.93440333333335,-283.3795166015625,3.867079973220825,1028.459228515625,10.152700424194336,35.316001892089844
16428600,1439828048.22449,25.335474999999995,-85.93440333333335,-23.76760482788086,5.973879814147949,1023.1107177734375,29.359899520874023,36.41584396362305
16428700,1439829124.15094,25.335474999999995,-85.93440333333335,-171.21340942382812,4.363589763641357,1027.61767578125,14.540599822998047,36.011356353759766
16428800,1439834366.54724,25.335474999999995,-85.93440333333335,-36.65912628173828,5.866479873657227,1023.6500854492188,28.20870018005371,36.547420501708984
16428900,1439835452.47833,25.335474999999995,-85.93440333333335,-177.0979461669922,4.296579837799072,1027.69970703125,13.965100288391113,35.92145538330078
16429000,1439836532.21881,25.335474999999995,-85.93440333333335,-305.732177734375,3.7980399131774902,1028.5970458984375,9.515600204467773,35.218971252441406
16429100,1439839075.70676,25.335474999999995,-85.93440333333335,-76.77499389648438,5.302609920501709,1025.6556396484375,22.774499893188477,36.74079132080078
16429200,1439840153.99353,25.335474999999995,-85.93440333333335,-221.16627502441406,4.018320083618164,1028.1024169921875,11.517200469970703,35.543670654296875
16429300,1439845510.44449,25.335474999999995,-85.93440333333335,-125.79673767089844,4.755169868469238,1027.009033203125,17.861400604248047,36.496055603027344
16429400,1439846582.8461,25.335474999999995,-85.93440333333335,-240.74192810058594,3.928179979324341,1028.218994140625,10.733699798583984,35.39065170288086
16429500,1439847661.53314,25.335474999999995,-85.93440333333335,-368.27655029296875,3.6622400283813477,1028.990234375,8.187600135803223,35.07489013671875
16429600,1439850144.80316,25.335474999999995,-85.93440333333335,-132.58648681640625,4.678909778594971,1027.116943359375,17.233699798583984,36.39582443237305
16429700,1439851224.63202,25.335474999999995,-85.93440333333335,-254.65264892578125,3.8675999641418457,1028.326416015625,10.170999526977539,35.316749572753906
16429800,1439856409.43896,25.335474999999995,-85.93440333333335,-145.72105407714844,4.483839988708496,1027.4014892578125,15.564200401306152,36.17626190185547
16429900,1439857497.57199,25.335474999999995,-85.93440333333335,-268.8562316894531,3.859600067138672,1028.398193359375,10.089799880981445,35.30765151977539
16430000,1439860093.94821,25.335474999999995,-85.93440333333335,-31.322040557861328,5.921110153198242,1023.302734375,28.881099700927734,36.41350173950195
16430100,1439861179.05307,25.335474999999995,-85.93440333333335,-186.3714141845703,4.1810197830200195,1027.8145751953125,12.98009967803955,35.74885940551758
16430200,1439866383.93369,25.335474999999995,-85.93440333333335,-81.0316162109375,5.360919952392578,1025.44873046875,23.387300491333008,36.67954635620117
16430300,1439867462.79861,25.335474999999995,-85.93440333333335,-205.00103759765625,4.0756001472473145,1027.971923828125,12.051199913024902,35.602909088134766
16430400,1439868542.13214,25.335474999999995,-85.93440333333335,-336.57745361328125,3.6909399032592773,1028.823486328125,8.478099822998047,35.10643005371094
16430500,1439871105.63708,25.335474999999995,-85.93440333333335,-103.57769775390625,5.077700138092041,1026.280029296875,20.75429916381836,36.66006851196289
16430600,1439872187.23621,25.335474999999995,-85.93440333333335,-236.85406494140625,3.9556500911712646,1028.1942138671875,10.971799850463867,35.43806457519531
16430700,1439877497.88049,25.335474999999995,-85.93440333333335,-117.61380767822266,4.8201398849487305,1026.846923828125,18.454599380493164,36.52656936645508
16430800,1439878572.47385,25.335474999999995,-85.93440333333335,-233.78659057617188,3.9179599285125732,1028.21728515625,10.619000434875488,35.40190505981445
16430900,1439879646.401,25.335474999999995,-85.93440333333335,-369.6243591308594,3.627429962158203,1029.0325927734375,7.8379998207092285,35.050331115722656
16431000,1439882103.48807,25.335474999999995,-85.93440333333335,-132.28021240234375,4.586820125579834,1027.268310546875,16.405399322509766,36.335453033447266
16431100,1439887611.85474,25.346002732086646,-85.92971764714895,-12.3951997756958,5.699260234832764,1020.9421997070312,30.174100875854492,33.95875930786133
16431200,1439888689.6322,25.35847605070875,-85.92416601872031,-161.84527587890625,4.318299770355225,1027.6334228515625,14.1358003616333,35.97153091430664
16431300,1439889765.34976,25.370925529768627,-85.91862500081126,-280.6726989746094,3.7512400150299072,1028.5150146484375,9.086199760437012,35.16618728637695
16431400,1439892335.09195,25.40066563345348,-85.90538826645937,-46.5510368347168,5.777530193328857,1023.9473876953125,27.408000946044922,36.53744888305664
16431500,1439893424.02255,25.413268029529508,-85.89977918819847,-190.35865783691406,4.071899890899658,1027.9217529296875,12.00979995727539,35.61274719238281
16431600,1439908428.45447,25.561188333333334,-85.83394000000001,-32.039180755615234,5.9629998207092285,1023.1683349609375,29.2716007232666,36.405479431152344
16431700,1439909514.63074,25.561188333333334,-85.83394000000001,-172.12908935546875,4.155700206756592,1027.7679443359375,12.765999794006348,35.714599609375
16431800,1439910587.66092,25.561188333333334,-85.83394000000001,-293.39898681640625,3.7571299076080322,1028.5706787109375,9.13479995727539,35.17380142211914
16431900,1439913158.40277,25.561188333333334,-85.83394000000001,-44.91748809814453,5.8956098556518555,1023.5254516601562,28.550600051879883,36.485198974609375
16432000,1439914246.86172,25.561188333333334,-85.83394000000001,-182.13778686523438,4.073369979858398,1027.8671875,12.043499946594238,35.5986213684082
16432100,1439919048.64697,25.561188333333334,-85.83394000000001,-53.23008346557617,5.610799789428711,1024.497802734375,25.842100143432617,36.56721115112305
16432200,1439920139.97208,25.561188333333334,-85.83394000000001,-182.7698516845703,4.072110176086426,1027.878173828125,12.024399757385254,35.604244232177734
16432300,1439921225.52579,25.561188333333334,-85.83394000000001,-308.5820007324219,3.7425200939178467,1028.6473388671875,8.993599891662598,35.153045654296875
16432400,1439923718.68695,25.561188333333334,-85.83394000000001,-71.78167724609375,5.391870021820068,1025.263916015625,23.741600036621094,36.62690353393555
16432500,1439924802.68527,25.561188333333334,-85.83394000000001,-202.82510375976562,3.980959892272949,1028.01806640625,11.218299865722656,35.46857833862305
16432600,1439925888.79227,25.561188333333334,-85.83394000000001,-339.7361145019531,3.7067599296569824,1028.822265625,8.63290023803711,35.11876678466797
16432700,1439930962.62073,25.595311996026773,-85.85437658701265,-144.99685668945312,4.325630187988281,1027.5504150390625,14.206399917602539,35.98115539550781
16432800,1439932037.69217,25.60664843749101,-85.86116595703072,-267.827392578125,3.792530059814453,1028.4248046875,9.482999801635742,35.2116584777832
16432900,1439934454.51523,25.63213341616771,-85.87642885506486,-33.51972579956055,5.937640190124512,1023.3330688476562,28.952299118041992,36.47314453125
16433000,1439935539.37802,25.643573105576547,-85.8832800600513,-183.0452880859375,4.072800159454346,1027.8677978515625,12.0423002243042,35.593788146972656
16433100,1439936624.39377,25.655014407989242,-85.89013223106224,-320.34710693359375,3.7373299598693848,1028.7169189453125,8.926600456237793,35.159202575683594
16433200,1439939922.06131,25.675728538870565,-85.90393999062333,-112.9940185546875,4.748879909515381,1026.943359375,17.830900192260742,36.47416305541992
16433300,1439941002.64658,25.674443406992808,-85.90454304714949,-232.1089630126953,3.8767499923706055,1028.2120361328125,10.2701997756958,35.32381057739258
16433400,1439942076.31018,25.67316650695512,-85.90514224083094,-377.4353332519531,3.668760061264038,1029.030517578125,8.243499755859375,35.084354400634766
16433500,1439944652.75674,25.670102358538024,-85.90658011248601,-137.35623168945312,4.370830059051514,1027.4642333984375,14.610199928283691,36.02788162231445
16433600,1439945753.19571,25.668793614775538,-85.90719424904329,-266.2887878417969,3.821229934692383,1028.3984375,9.750900268554688,35.24629592895508
16433700,1439948311.25903,25.66575132936353,-85.90862186134044,-23.19671630859375,6.005660057067871,1022.8802490234375,29.791500091552734,36.307552337646484
16433800,1439953969.76306,25.67406855256791,-85.92399002953306,-79.15912628173828,5.225890159606934,1025.789794921875,22.146799087524414,36.66657257080078
16433900,1439955052.74857,25.674085003392655,-85.92402535042147,-193.521240234375,3.99507999420166,1027.9862060546875,11.327500343322754,35.508113861083984
16434000,1439956136.8775,25.67410147158694,-85.92406070860332,-323.86163330078125,3.7392098903656006,1028.727783203125,8.947099685668945,35.157005310058594
16434100,1439958698.20435,25.674173860493863,-85.92421605432106,-94.67291259765625,5.066810131072998,1026.2525634765625,20.672100067138672,36.64573287963867
16434200,1439974238.35095,25.685723333333332,-85.93337500000001,-11.989561080932617,5.718400001525879,1021.0333251953125,30.1781005859375,34.08451843261719
16434300,1439975322.32266,25.685723333333332,-85.93337500000001,-155.98049926757812,4.213659763336182,1027.6741943359375,13.252900123596191,35.816184997558594
16434400,1439976405.34476,25.685723333333332,-85.93337500000001,-280.821533203125,3.842250108718872,1028.45703125,9.932700157165527,35.27781295776367
16434500,1439979024.15567,25.685723333333332,-85.93337500000001,-33.08749008178711,5.891240119934082,1023.4204711914062,28.587799072265625,36.429683685302734
16434600,1439980111.38531,25.685723333333332,-85.93337500000001,-177.54075622558594,4.139279842376709,1027.81787109375,12.605799674987793,35.70582580566406
16434700,1439984865.62381,25.685723333333332,-85.93337500000001,-88.49405670166016,5.131149768829346,1026.07958984375,21.257099151611328,36.665367126464844
16434800,1439985949.85245,25.685723333333332,-85.93337500000001,-216.51576232910156,4.013060092926025,1028.0616455078125,11.496899604797363,35.51323318481445
16434900,1439987025.94443,25.685723333333332,-85.93337500000001,-345.0640869140625,3.7381598949432373,1028.8199462890625,8.934100151062012,35.1488151550293
16435000,1439989503.54816,25.685723333333332,-85.93337500000001,-113.50335693359375,4.691219806671143,1027.064697265625,17.293800354003906,36.45664596557617
16435100,1439990591.03851,25.685723333333332,-85.93337500000001,-234.0029296875,3.9893999099731445,1028.1495361328125,11.286199569702148,35.473140716552734
16435200,1439995544.18073,25.685723333333332,-85.93337500000001,-76.40438842773438,5.286799907684326,1025.7742919921875,22.543899536132812,36.81145095825195
16435300,1439996629.10101,25.685723333333332,-85.93337500000001,-200.5901336669922,4.072559833526611,1027.9420166015625,12.038900375366211,35.58689498901367
16435400,1439997715.46399,25.685723333333332,-85.93337500000001,-325.015380859375,3.790719985961914,1028.6903076171875,9.439000129699707,35.20927810668945
16435500,1440000240.58304,25.685723333333332,-85.93337500000001,-90.98681640625,5.1465301513671875,1026.1148681640625,21.331300735473633,36.72451400756836
16435600,1440001328.8653,25.685723333333332,-85.93337500000001,-218.22109985351562,4.022220134735107,1028.0494384765625,11.592599868774414,35.51123046875
16435700,1440006196.02066,25.685723333333332,-85.93337500000001,-96.33060455322266,4.986090183258057,1026.4788818359375,19.894699096679688,36.658145904541016
16435800,1440007278.87772,25.685723333333332,-85.93337500000001,-222.1934051513672,4.030129909515381,1028.072265625,11.650500297546387,35.532005310058594
16435900,1440008367.79028,25.685723333333332,-85.93337500000001,-346.9959716796875,3.769850015640259,1028.802734375,9.236599922180176,35.181007385253906
16436000,1440010950.86664,25.685723333333332,-85.93337500000001,-114.17105102539062,4.7852301597595215,1026.9462890625,18.089000701904297,36.555458068847656
16436100,1440012039.44247,25.685723333333332,-85.93337500000001,-240.0610809326172,3.9704599380493164,1028.186767578125,11.116800308227539,35.44481658935547
16436200,1440016951.76495,25.712222061148633,-85.95281653477115,-109.19573974609375,4.80226993560791,1026.850341796875,18.289100646972656,36.52467727661133
16436300,1440018036.94156,25.72200228953228,-85.95999207359381,-237.29861450195312,3.9985599517822266,1028.155517578125,11.369799613952637,35.48227310180664
16436400,1440019118.90817,25.731753587926825,-85.9671463871187,-368.3494567871094,3.7263801097869873,1028.931884765625,8.815600395202637,35.13113784790039
16436500,1440021623.91556,25.749988407332243,-85.98052487373837,-130.85903930664062,4.565090179443359,1027.2860107421875,16.221599578857422,36.3101806640625
16436600,1440022714.72733,25.76121106020216,-85.98875868773563,-263.56982421875,3.9292099475860596,1028.3214111328125,10.734399795532227,35.38992691040039
16441300,1470412976.10092,27.90901341395552,-93.58964338423604,-51.747318267822266,5.241529941558838,1025.1173095703125,22.855600357055664,36.20596694946289
16441400,1470428240.84296,27.876064060712533,-93.58762871691417,-73.24691009521484,5.148640155792236,1025.6800537109375,21.736099243164062,36.40326690673828
16441500,1470447655.73901,27.838380876517654,-93.56592948710754,-80.51556396484375,5.146940231323242,1025.733642578125,21.699100494384766,36.41840744018555
16441600,1470470865.73938,27.805734407368803,-93.5354004090511,-30.722200393676758,5.902890205383301,1022.4700927734375,29.69659996032715,35.67472839355469
16441700,1470491826.20071,27.78556754182228,-93.53206272507443,-18.27693748474121,5.938720226287842,1021.78955078125,30.606800079345703,35.254920959472656
16441800,1470511405.60309,27.755524713336982,-93.53334457868968,-16.82676124572754,5.9264397621154785,1021.6417846679688,30.697500228881836,35.10781478881836
16441900,1470528426.50433,27.72355469346128,-93.53661507180911,-53.78316879272461,5.318220138549805,1025.0040283203125,23.47879981994629,36.28458023071289
16442000,1470550193.52679,27.680059258804505,-93.55360009344078,-47.665611267089844,5.39739990234375,1024.5238037109375,24.47610092163086,36.078006744384766
16442100,1470571501.13522,27.645239799152442,-93.57154586373656,-36.154972076416016,5.671679973602295,1022.7528076171875,28.060199737548828,35.29220199584961
16442200,1470593044.03201,27.60966311854989,-93.57775287344471,-17.482322692871094,5.867189884185791,1021.64306640625,30.36240005493164,34.95133972167969
16442300,1470609657.31921,27.580082579092284,-93.58174959109719,-97.4151382446289,5.091599941253662,1025.973388671875,21.149799346923828,36.43552017211914
16442400,1470631282.12845,27.54452069557247,-93.59199189139034,-86.066162109375,5.151279926300049,1025.72705078125,21.759199142456055,36.400184631347656
16442500,1470652328.55075,27.51966053972385,-93.59513432113994,-61.896602630615234,5.365059852600098,1024.986328125,23.83060073852539,36.352088928222656
16442600,1470673635.99811,27.510417697093352,-93.60929166134933,-41.120811462402344,5.5630998611450195,1023.6271362304688,26.456499099731445,35.738853454589844
16442700,1470689670.49475,27.502842424913304,-93.65729081123962,-30.871183395385742,5.830840110778809,1022.632080078125,29.1023006439209,35.622047424316406
16442800,1470706841.33862,27.495918004744166,-93.70906386563138,-62.82014083862305,5.367410182952881,1024.97265625,23.864500045776367,36.341976165771484
16442900,1470728177.99124,27.48406055786372,-93.77108158735251,-57.45758819580078,5.393189907073975,1024.4962158203125,24.52400016784668,36.00456619262695
16443000,1470749182.46631,27.475595406428297,-93.81173960969119,-54.5776481628418,5.619430065155029,1024.3321533203125,26.081100463867188,36.43934631347656
16443100,1470765720.81516,27.471873783548006,-93.83061381747058,-55.8984489440918,5.573269844055176,1024.4498291015625,25.678699493408203,36.420780181884766
16443200,1470784762.53876,27.456328743689646,-93.83831324557475,-98.4179458618164,5.148530006408691,1025.781982421875,21.736499786376953,36.3930778503418
16443300,1470811548.19406,27.444007308785505,-93.8615577043031,-13.876714706420898,6.035220146179199,1022.4362182617188,30.40730094909668,36.05092239379883
16443400,1470833792.97534,27.439869101146854,-93.86860330349288,-12.893356323242188,5.976650238037109,1022.39697265625,30.11639976501465,35.870643615722656
16443500,1470851797.36789,27.4410756332795,-93.86685671960163,-32.559627532958984,6.104229927062988,1022.7650146484375,30.513700485229492,36.43182373046875
16443600,1470870106.67538,27.44129588405066,-93.8585204729882,-51.250762939453125,5.679840087890625,1024.1304931640625,26.649599075317383,36.42971420288086
16443700,1470890426.67947,27.444367283700203,-93.85885446019533,-56.1765251159668,5.5436601638793945,1024.47216796875,25.475000381469727,36.3649787902832
16443800,1470911622.3717,27.457773973317256,-93.85969486498472,-49.97957992553711,5.65339994430542,1023.9027099609375,26.73579978942871,36.17133331298828
16443900,1470927591.51819,27.471768377268432,-93.86684296245447,-51.062068939208984,5.729380130767822,1023.6134033203125,27.51129913330078,36.11260986328125
16444000,1470943917.79333,27.478016126820414,-93.8669973711522,-87.62506103515625,5.177000045776367,1025.5247802734375,22.15369987487793,36.27179718017578
16444100,1470960506.23218,27.493816942029106,-93.87423900190525,-97.71300506591797,5.073390007019043,1025.91845703125,21.08970069885254,36.339908599853516
16444200,1470982228.03705,27.528570802635944,-93.90407808083482,-79.50273132324219,5.179790019989014,1025.3681640625,22.306299209594727,36.16928482055664
16444300,1471003292.43484,27.573017210607006,-93.94187520903286,-66.54405212402344,5.331459999084473,1024.9029541015625,23.730100631713867,36.175994873046875
16444400,1471019719.2558,27.605791457683484,-93.96492159455471,-90.74285125732422,5.099420070648193,1025.8680419921875,21.285900115966797,36.384971618652344
16444500,1471040725.68341,27.637693332556193,-93.97868884214122,-5.920316696166992,5.994229793548584,1022.0875854492188,30.52899932861328,35.6875114440918
16444600,1471056806.73453,27.65952630041001,-93.98602281852548,-8.49301815032959,6.036419868469238,1022.380126953125,30.451900482177734,36.02754592895508
16444700,1471074310.8078,27.676525272125037,-94.0037728706579,-47.9834098815918,5.629930019378662,1024.215087890625,26.243000030517578,36.3896369934082
16444800,1471095292.78839,27.698318844510112,-94.0162404771583,-44.18964385986328,5.654339790344238,1023.8787231445312,26.74180030822754,36.17525100708008
16444900,1471116435.89331,27.713750843740616,-94.02964527335403,-22.746591567993164,6.069729804992676,1022.7356567382812,30.30940055847168,36.35447692871094
16445000,1471133251.83606,27.720145875665455,-94.04194062940161,-62.00583267211914,5.247499942779541,1025.04150390625,23.022600173950195,36.11103820800781
16445100,1471154242.73456,27.72993040292195,-94.05101270435718,-63.18756866455078,5.335750102996826,1024.983154296875,23.654699325561523,36.27158737182617
16445200,1471170855.36343,27.736936782775846,-94.052683170333,-93.85065460205078,5.103740215301514,1025.9287109375,21.262699127197266,36.438289642333984
16445300,1471189168.30481,27.742032095311984,-94.04932364683924,-30.0865478515625,6.053160190582275,1022.7855834960938,30.194400787353516,36.32617950439453
16445400,1471206081.97501,27.74564300860225,-94.0420633147094,-80.9127426147461,5.206669807434082,1025.578369140625,22.258699417114258,36.4200439453125
16445500,1471224415.85593,27.753299026814226,-94.0368073592297,-37.68446350097656,5.854650020599365,1023.5530395507812,28.251100540161133,36.4311408996582
16445600,1471246438.68417,27.77817605378186,-94.02572443588552,-42.0941047668457,5.700230121612549,1024.02978515625,26.840599060058594,36.429481506347656
16445700,1471267755.74298,27.809458283078033,-94.01430052800694,-29.50055503845215,6.046420097351074,1022.8172607421875,30.118999481201172,36.3371467590332
16445800,1471283956.4537,27.832630160110494,-94.01177756403933,-100.47319793701172,5.011240005493164,1026.2249755859375,20.355499267578125,36.46335983276367
16445900,1471300803.4928,27.856771739503134,-94.01365947710387,-99.91719055175781,5.01570987701416,1026.197509765625,20.412599563598633,36.450870513916016
16446000,1471322195.15903,27.887960631256338,-94.02964654297695,-77.25859832763672,5.087629795074463,1025.8873291015625,21.127300262451172,36.430023193359375
16446100,1471343863.60583,27.91188486330071,-94.03343744899695,-64.65727996826172,5.215060234069824,1025.467529296875,22.361099243164062,36.405982971191406
16446200,1471359452.63467,27.888715533961086,-94.03086622954807,-76.04715728759766,5.077710151672363,1025.9063720703125,21.035600662231445,36.428714752197266
16446300,1471376602.80917,27.86419455434747,-94.03204140191117,-85.86756896972656,5.056879997253418,1026.0238037109375,20.813499450683594,36.446632385253906
16446400,1471397714.47665,27.834257496103756,-94.03193327081578,-78.12249755859375,5.1646599769592285,1025.6837158203125,21.858600616455078,36.42544174194336
16446500,1471419955.73395,27.80917597734839,-94.01713303830302,-57.02064514160156,5.569590091705322,1024.4317626953125,25.680999755859375,36.39147186279297
16446600,1471441108.20374,27.78223282933347,-94.00587743799905,-40.9321174621582,5.999179840087891,1022.967041015625,29.73870086669922,36.29777145385742
16446700,1471462795.64627,27.807045035487633,-93.99308687840521,-42.50129318237305,6.004350185394287,1022.9653930664062,29.77680015563965,36.3039436340332
16446800,1471483938.96909,27.851703157695088,-93.98672258164211,-51.50897216796875,5.509399890899658,1024.4000244140625,25.323299407958984,36.23410415649414
16446900,1471505537.72394,27.910990818344047,-93.96888784182615,-50.9925537109375,5.4606099128723145,1024.6990966796875,24.692699432373047,36.37738800048828
16447000,1471526590.69742,27.915367666328674,-93.93756967772438,-9.824056625366211,5.998929977416992,1022.736083984375,29.852500915527344,36.219722747802734
16447100,1471548083.33185,27.894944891800876,-93.9057027511935,-15.694424629211426,6.003129959106445,1022.7860717773438,29.847400665283203,36.25046157836914
16447200,1471565638.3345,27.87584405846112,-93.89578208768692,-14.214432716369629,5.993480205535889,1022.7589721679688,29.816099166870117,36.20856857299805
16447300,1471581565.96661,27.864937612249978,-93.9016610007077,-99.76824951171875,4.982900142669678,1026.2950439453125,20.085800170898438,36.464256286621094
16447400,1471607399.11807,27.836352841832515,-93.90797945064861,-8.870478630065918,5.949699878692627,1022.43896484375,29.898700714111328,35.85020065307617
16447500,1471623808.34042,27.807313036898353,-93.90604989404794,-17.114810943603516,5.958690166473389,1022.6181640625,29.787900924682617,35.99146270751953
16447600,1471635428.3302,27.77979050276439,-93.89867343386288,-100.3143310546875,4.89778995513916,1026.551025390625,19.232999801635742,36.501285552978516
16447700,1471657323.65323,27.7917878106688,-93.86286132421648,-67.80520629882812,5.346759796142578,1025.0400390625,23.682899475097656,36.33120346069336
16447800,1471678735.33212,27.835665698343,-93.85979892234047,-81.9255599975586,5.008039951324463,1026.1875,20.292499542236328,36.498435974121094
16447900,1471699187.56616,27.885125468627432,-93.84450718457072,-72.32341766357422,5.153600215911865,1025.6690673828125,21.776399612426758,36.40901565551758
16448000,1471716091.586,27.92985392284072,-93.84541467128551,-82.83908081054688,5.031070232391357,1026.0836181640625,20.563100814819336,36.45293045043945
16448100,1471737259.86362,27.938080644088448,-93.84220330991704,-98.15979766845703,4.985650062561035,1026.285888671875,20.107099533081055,36.469024658203125
16448200,1471754269.4104,27.919138274319945,-93.83115080038345,-98.08037567138672,4.968639850616455,1026.3287353515625,19.945600509643555,36.468955993652344
16448300,1471774287.59277,27.8871730487045,-93.80703650114114,-41.76636505126953,5.587639808654785,1024.03173828125,26.161100387573242,36.147911071777344
16448400,1471788457.70755,27.867094146967805,-93.79149709525959,-51.201114654541016,5.3409600257873535,1024.7613525390625,23.87649917602539,36.134429931640625
16448500,1471808010.33023,27.840373582627027,-93.77352391851468,-45.470794677734375,5.588850021362305,1023.9036254882812,26.326099395751953,36.025917053222656
16448600,1471829365.76642,27.812151914839973,-93.74492814958276,-20.24359893798828,5.9747700691223145,1022.6680908203125,29.837900161743164,36.06284713745117
16448700,1471850174.50436,27.82098285843285,-93.7404167615835,-97.3853530883789,4.961949825286865,1026.4234619140625,19.795299530029297,36.54471969604492
16448800,1471867456.87653,27.861187330644817,-93.74357930949769,-91.39817810058594,4.995220184326172,1026.268798828125,20.16029930114746,36.50414276123047
16448900,1471888928.73947,27.912392711995274,-93.73163019990501,-58.37122344970703,5.422130107879639,1024.9127197265625,24.253299713134766,36.441795349121094
16449000,1471905427.90451,27.940071507087524,-93.71432433175262,-77.05999755859375,5.168240070343018,1025.66259765625,21.900100708007812,36.41921615600586
16449100,1471926451.97043,27.944019709605374,-93.69388911736297,-58.847896575927734,5.40585994720459,1024.9537353515625,24.10890007019043,36.43614959716797
16449200,1471941760.61566,27.939954266998942,-93.68148205385782,-72.75041198730469,5.203239917755127,1025.53173828125,22.25079917907715,36.40252685546875
16449300,1471958822.29025,27.93304887532188,-93.67169018643274,-78.18207550048828,5.133520126342773,1025.803466796875,21.525100708007812,36.459564208984375
16449400,1471975282.14084,27.924178122953897,-93.66339112869967,-80.22760009765625,5.164889812469482,1025.7064208984375,21.84480094909668,36.43817138671875
16449500,1471996727.19089,27.915210986809008,-93.64684848081406,-34.039485931396484,5.661280155181885,1023.9867553710938,26.619199752807617,36.324825286865234
16449600,1472012765.53729,27.907991700621594,-93.63265558319864,-41.239994049072266,5.585370063781738,1024.3326416015625,25.815000534057617,36.40579605102539
16449700,1472034797.53543,27.88469884086809,-93.63208300920313,-57.89455032348633,5.389750003814697,1024.9947509765625,23.958999633789062,36.436588287353516
16449800,1472057232.26993,27.857493702785224,-93.6469077979416,-45.59990310668945,5.571209907531738,1024.3824462890625,25.693899154663086,36.39682388305664
16449900,1472077855.16403,27.829815806249016,-93.6708717203117,-17.929292678833008,6.0330400466918945,1022.7153930664062,30.10420036315918,36.26078414916992
16450000,1472099324.08688,27.81685642711864,-93.66254115587924,-24.186790466308594,6.023330211639404,1022.7757568359375,30.01099967956543,36.262786865234375
16450100,1472111129.84393,27.80894641430191,-93.65217694404139,-98.54702758789062,4.9273200035095215,1026.4552001953125,19.530399322509766,36.488006591796875
16450200,1472132646.19016,27.801721273178728,-93.63333252774555,-85.58954620361328,5.0530500411987305,1026.1065673828125,20.697500228881836,36.515228271484375
16450300,1472157029.18887,27.80375667275979,-93.62019573108113,-92.09320068359375,5.040359973907471,1026.22119140625,20.51799964904785,36.564178466796875
16450400,1472175708.90222,27.844279526644023,-93.63183904464988,-78.00333404541016,5.112790107727051,1025.865234375,21.320899963378906,36.46713638305664
16436700,1472186320.11203,27.86647253527475,-93.63370344766747,-53.882484436035156,5.453680038452148,1024.78369140625,24.57029914855957,36.42353820800781
16436800,1472207824.41977,27.908169561421406,-93.6198865925446,-35.96626663208008,5.885660171508789,1023.2061767578125,28.804399490356445,36.22431564331055
16436900,1472227002.90634,27.95160879156943,-93.59502079706344,-50.82373046875,5.464759826660156,1024.7030029296875,24.71339988708496,36.39183807373047
16437000,1472244101.31729,27.97659128007135,-93.59424681075262,-42.47150421142578,5.670199871063232,1024.0750732421875,26.613500595092773,36.39119338989258
16437100,1472262286.82632,27.949083097819095,-93.6124581517456,-14.16476821899414,6.047790050506592,1022.7218627929688,30.16309928894043,36.31789779663086
16437200,1472282990.83893,27.92086804555372,-93.62606969325016,-51.459320068359375,5.537919998168945,1024.492919921875,25.39620018005371,36.38715362548828
16437300,1472301412.02505,27.897122291438038,-93.62915992046267,-94.70454406738281,5.067609786987305,1026.03466796875,20.912399291992188,36.445621490478516
16437400,1472321183.32065,27.860711081250656,-93.63419995445517,-96.20381927490234,5.088840007781982,1026.0147705078125,21.08139991760254,36.47209167480469
16437500,1472342626.16904,27.819287672167533,-93.63921994665073,-94.60526275634766,5.082950115203857,1026.1204833984375,20.921300888061523,36.56218719482422
16437600,1472364117.91443,27.79908976489837,-93.63010838660874,-94.66482543945312,5.116350173950195,1026.022216796875,21.248600006103516,36.55137634277344
16437700,1472385871.44388,27.83804605567673,-93.63174008583722,-87.88323211669922,5.156400203704834,1025.921875,21.590299606323242,36.5835075378418
16437800,1472407220.30002,27.886564358952395,-93.63961611435188,-75.6400375366211,5.191999912261963,1025.5986328125,22.118000030517578,36.424354553222656
16437900,1472424012.2684,27.921240007135932,-93.65501389945481,-81.27020263671875,5.12470006942749,1025.83984375,21.441299438476562,36.45904541015625
16438000,1472445686.70465,27.95608962881763,-93.67797288312978,-77.63593292236328,5.205319881439209,1025.5460205078125,22.27039909362793,36.400760650634766
16438100,1472468637.23981,27.927374840209392,-93.68227298932536,-73.29656982421875,5.213280200958252,1025.538818359375,22.31060028076172,36.43124008178711
16438200,1472488263.76074,27.903600506076668,-93.6851423065858,-56.43471908569336,5.368249893188477,1024.99072265625,23.82159996032715,36.38568878173828
16438300,1472509873.16492,27.868503735691895,-93.6901914468953,-61.65826416015625,5.284749984741211,1025.2537841796875,23.028499603271484,36.39506149291992
16438400,1472531449.78586,27.82910897304246,-93.70349273942439,-49.77103042602539,5.505169868469238,1024.5604248046875,25.11389923095703,36.37113952636719
16438500,1472553136.72635,27.800210149701307,-93.70003156295255,-40.82286834716797,5.8123698234558105,1023.5416259765625,28.031700134277344,36.301815032958984
16438600,1472574801.24142,27.805864083119545,-93.70057534775508,-78.92680358886719,5.178020000457764,1025.7203369140625,21.909700393676758,36.48805618286133
16438700,1472590449.45993,27.84059434155741,-93.71298890473412,-66.65328216552734,5.2930498123168945,1025.2940673828125,23.059999465942383,36.431575775146484
16438800,1472608154.22336,27.87699683689979,-93.72624502347121,-68.053466796875,5.287670135498047,1025.32958984375,22.99329948425293,36.444725036621094
16438900,1472629757.85718,27.92936250906765,-93.7342865260319,-56.13679885864258,5.39286994934082,1024.92236328125,24.04960060119629,36.38680648803711
16439000,1472653026.92883,27.914940155010292,-93.74689523848949,-19.419193267822266,6.020840167999268,1022.8389892578125,29.905799865722656,36.326236724853516
16439100,1472667300.84915,27.893011977516608,-93.75332778917668,-97.00804138183594,5.115469932556152,1025.9385986328125,21.343399047851562,36.462646484375
16439200,1472688991.01749,27.853003704110645,-93.76785343187609,-76.19610595703125,5.201499938964844,1025.603759765625,22.176599502563477,36.449893951416016
16439300,1472710557.16592,27.81552941256731,-93.78494272848118,-55.73955535888672,5.537280082702637,1024.49560546875,25.40839958190918,36.3712272644043
16439400,1472732838.22476,27.794223258643004,-93.79200567308217,-22.9055118560791,6.035399913787842,1022.7600708007812,30.090499877929688,36.285614013671875
16439500,1472753421.84,27.809736752524167,-93.79932588060248,-13.072149276733398,6.03734016418457,1022.6832275390625,30.142099380493164,36.263038635253906
16439600,1472772882.24417,27.83067022766985,-93.80502011727279,-100.42355346679688,5.04665994644165,1026.159912109375,20.662799835205078,36.487674713134766
16439700,1472795203.45374,27.866092847032824,-93.81114558998007,-12.128518104553223,6.049349784851074,1022.607666015625,30.288799285888672,36.23506546020508
16439800,1472812250.80161,27.9023808402355,-93.80956397391009,-46.29509353637695,5.718070030212402,1023.8877563476562,27.1210994720459,36.33650207519531
16439900,1472833861.76791,27.938000652350077,-93.8091038597794,-24.464900970458984,6.0425801277160645,1022.7415161132812,30.15839958190918,36.28303146362305
16440000,1472855383.36267,27.90416473144759,-93.81630745526829,-6.82424259185791,6.043519973754883,1022.4622192382812,30.393199920654297,36.119468688964844
16440100,1472869682.17346,27.883427635583967,-93.8228736499776,-56.961055755615234,5.446290016174316,1024.795654296875,24.525100708007812,36.403560638427734
16440200,1472887320.90161,27.906326310601557,-93.82053347661956,-60.9929084777832,5.423270225524902,1024.8878173828125,24.2992000579834,36.41212844848633
16440300,1472905838.82761,27.937463592981533,-93.81261714599255,-53.65407180786133,5.505080223083496,1024.4837646484375,25.214500427246094,36.28840637207031
16440400,1472931073.7728,27.91521125171799,-93.81999654244393,-32.88738250732422,5.982120037078857,1022.9583740234375,29.61549949645996,36.27626419067383
16440500,1472951240.99841,27.88027121631554,-93.82444236553421,-15.366642951965332,6.046579837799072,1022.4605712890625,30.450700759887695,36.09494400024414
16440600,1472965802.94574,27.853406386211226,-93.82958898580723,-67.62644958496094,5.291009902954102,1025.278564453125,23.068099975585938,36.4087028503418
16440700,1472985420.16217,27.818870876228125,-93.84075089259112,-78.39059448242188,5.193059921264648,1025.592041015625,22.14430046081543,36.40965270996094
16440800,1473007046.63287,27.78744443562263,-93.84419831700933,-62.93930435180664,5.315420150756836,1025.1212158203125,23.374000549316406,36.34611129760742
16440900,1473028541.89612,27.824713271634927,-93.84907298243243,-48.60908126831055,5.524280071258545,1024.3992919921875,25.40239906311035,36.2820930480957
16441000,1473049004.61606,27.86553130739053,-93.8533604555835,-21.09779930114746,6.044400215148926,1022.5127563476562,30.4064998626709,36.11137008666992
16441100,1473061948.40234,27.891044299580436,-93.85953764266367,-79.74104309082031,5.196410179138184,1025.601318359375,22.16189956665039,36.42083740234375
16441200,1473083479.64032,27.92582710815429,-93.88260829978032,-62.27396774291992,5.425360202789307,1024.86767578125,24.339799880981445,36.394439697265625
